[
    {
        "pk": 1, 
        "model": "world.zone", 
        "fields": {
            "name": "Capital"
        }
    }, 
    {
        "pk": 10, 
        "model": "world.roomconnector", 
        "fields": {
            "type": "Normal", 
            "direction": "north", 
            "to_room": 12, 
            "from_room": 4
        }
    }, 
    {
        "pk": 11, 
        "model": "world.roomconnector", 
        "fields": {
            "type": "Normal", 
            "direction": "south", 
            "to_room": 4, 
            "from_room": 12
        }
    }, 
    {
        "pk": 12, 
        "model": "world.roomconnector", 
        "fields": {
            "type": "Normal", 
            "direction": "east", 
            "to_room": 13, 
            "from_room": 12
        }
    }, 
    {
        "pk": 13, 
        "model": "world.roomconnector", 
        "fields": {
            "type": "Normal", 
            "direction": "west", 
            "to_room": 12, 
            "from_room": 13
        }
    }, 
    {
        "pk": 14, 
        "model": "world.roomconnector", 
        "fields": {
            "type": "Normal", 
            "direction": "east", 
            "to_room": 12, 
            "from_room": 14
        }
    }, 
    {
        "pk": 15, 
        "model": "world.roomconnector", 
        "fields": {
            "type": "Normal", 
            "direction": "east", 
            "to_room": 14, 
            "from_room": 15
        }
    }, 
    {
        "pk": 16, 
        "model": "world.roomconnector", 
        "fields": {
            "type": "Normal", 
            "direction": "east", 
            "to_room": 21, 
            "from_room": 20
        }
    }, 
    {
        "pk": 17, 
        "model": "world.roomconnector", 
        "fields": {
            "type": "Normal", 
            "direction": "north", 
            "to_room": 19, 
            "from_room": 20
        }
    }, 
    {
        "pk": 18, 
        "model": "world.roomconnector", 
        "fields": {
            "type": "Normal", 
            "direction": "west", 
            "to_room": 20, 
            "from_room": 21
        }
    }, 
    {
        "pk": 19, 
        "model": "world.roomconnector", 
        "fields": {
            "type": "Normal", 
            "direction": "south", 
            "to_room": 21, 
            "from_room": 22
        }
    }, 
    {
        "pk": 20, 
        "model": "world.roomconnector", 
        "fields": {
            "type": "Normal", 
            "direction": "west", 
            "to_room": 19, 
            "from_room": 22
        }
    }, 
    {
        "pk": 21, 
        "model": "world.roomconnector", 
        "fields": {
            "type": "Normal", 
            "direction": "east", 
            "to_room": 22, 
            "from_room": 19
        }
    }, 
    {
        "pk": 22, 
        "model": "world.roomconnector", 
        "fields": {
            "type": "Normal", 
            "direction": "south", 
            "to_room": 20, 
            "from_room": 19
        }
    }, 
    {
        "pk": 23, 
        "model": "world.roomconnector", 
        "fields": {
            "type": "Normal", 
            "direction": "north", 
            "to_room": 18, 
            "from_room": 19
        }
    }, 
    {
        "pk": 24, 
        "model": "world.roomconnector", 
        "fields": {
            "type": "Normal", 
            "direction": "north", 
            "to_room": 17, 
            "from_room": 18
        }
    }, 
    {
        "pk": 25, 
        "model": "world.roomconnector", 
        "fields": {
            "type": "Normal", 
            "direction": "south", 
            "to_room": 19, 
            "from_room": 18
        }
    }, 
    {
        "pk": 26, 
        "model": "world.roomconnector", 
        "fields": {
            "type": "Normal", 
            "direction": "north", 
            "to_room": 16, 
            "from_room": 17
        }
    }, 
    {
        "pk": 27, 
        "model": "world.roomconnector", 
        "fields": {
            "type": "Normal", 
            "direction": "south", 
            "to_room": 18, 
            "from_room": 17
        }
    }, 
    {
        "pk": 28, 
        "model": "world.roomconnector", 
        "fields": {
            "type": "Normal", 
            "direction": "south", 
            "to_room": 17, 
            "from_room": 16
        }
    }, 
    {
        "pk": 29, 
        "model": "world.roomconnector", 
        "fields": {
            "type": "Normal", 
            "direction": "north", 
            "to_room": 15, 
            "from_room": 16
        }
    }, 
    {
        "pk": 30, 
        "model": "world.roomconnector", 
        "fields": {
            "type": "Normal", 
            "direction": "south", 
            "to_room": 16, 
            "from_room": 15
        }
    }, 
    {
        "pk": 31, 
        "model": "world.roomconnector", 
        "fields": {
            "type": "Normal", 
            "direction": "west", 
            "to_room": 15, 
            "from_room": 14
        }
    }, 
    {
        "pk": 32, 
        "model": "world.roomconnector", 
        "fields": {
            "type": "Normal", 
            "direction": "west", 
            "to_room": 14, 
            "from_room": 12
        }
    }, 
    {
        "pk": 33, 
        "model": "world.roomconnector", 
        "fields": {
            "type": "Normal", 
            "direction": "west", 
            "to_room": 13, 
            "from_room": 23
        }
    }, 
    {
        "pk": 34, 
        "model": "world.roomconnector", 
        "fields": {
            "type": "Normal", 
            "direction": "south", 
            "to_room": 7, 
            "from_room": 23
        }
    }, 
    {
        "pk": 36, 
        "model": "world.roomconnector", 
        "fields": {
            "type": "Normal", 
            "direction": "west", 
            "to_room": 24, 
            "from_room": 25
        }
    }, 
    {
        "pk": 37, 
        "model": "world.roomconnector", 
        "fields": {
            "type": "Normal", 
            "direction": "east", 
            "to_room": 25, 
            "from_room": 24
        }
    }, 
    {
        "pk": 38, 
        "model": "world.roomconnector", 
        "fields": {
            "type": "Normal", 
            "direction": "west", 
            "to_room": 23, 
            "from_room": 24
        }
    }, 
    {
        "pk": 39, 
        "model": "world.roomconnector", 
        "fields": {
            "type": "Normal", 
            "direction": "east", 
            "to_room": 23, 
            "from_room": 13
        }
    }, 
    {
        "pk": 40, 
        "model": "world.roomconnector", 
        "fields": {
            "type": "Normal", 
            "direction": "east", 
            "to_room": 24, 
            "from_room": 23
        }
    }, 
    {
        "pk": 41, 
        "model": "world.roomconnector", 
        "fields": {
            "type": "Normal", 
            "direction": "north", 
            "to_room": 23, 
            "from_room": 7
        }
    }, 
    {
        "pk": 42, 
        "model": "world.roomconnector", 
        "fields": {
            "type": "Normal", 
            "direction": "east", 
            "to_room": 33, 
            "from_room": 34
        }
    }, 
    {
        "pk": 43, 
        "model": "world.roomconnector", 
        "fields": {
            "type": "Normal", 
            "direction": "west", 
            "to_room": 21, 
            "from_room": 34
        }
    }, 
    {
        "pk": 44, 
        "model": "world.roomconnector", 
        "fields": {
            "type": "Normal", 
            "direction": "north", 
            "to_room": 22, 
            "from_room": 21
        }
    }, 
    {
        "pk": 45, 
        "model": "world.roomconnector", 
        "fields": {
            "type": "Normal", 
            "direction": "east", 
            "to_room": 34, 
            "from_room": 21
        }
    }, 
    {
        "pk": 46, 
        "model": "world.roomconnector", 
        "fields": {
            "type": "Normal", 
            "direction": "west", 
            "to_room": 34, 
            "from_room": 33
        }
    }, 
    {
        "pk": 47, 
        "model": "world.roomconnector", 
        "fields": {
            "type": "Normal", 
            "direction": "west", 
            "to_room": 33, 
            "from_room": 32
        }
    }, 
    {
        "pk": 48, 
        "model": "world.roomconnector", 
        "fields": {
            "type": "Normal", 
            "direction": "east", 
            "to_room": 31, 
            "from_room": 32
        }
    }, 
    {
        "pk": 49, 
        "model": "world.roomconnector", 
        "fields": {
            "type": "Normal", 
            "direction": "east", 
            "to_room": 30, 
            "from_room": 31
        }
    }, 
    {
        "pk": 50, 
        "model": "world.roomconnector", 
        "fields": {
            "type": "Normal", 
            "direction": "west", 
            "to_room": 32, 
            "from_room": 31
        }
    }, 
    {
        "pk": 51, 
        "model": "world.roomconnector", 
        "fields": {
            "type": "Normal", 
            "direction": "north", 
            "to_room": 29, 
            "from_room": 30
        }
    }, 
    {
        "pk": 52, 
        "model": "world.roomconnector", 
        "fields": {
            "type": "Normal", 
            "direction": "west", 
            "to_room": 31, 
            "from_room": 30
        }
    }, 
    {
        "pk": 53, 
        "model": "world.roomconnector", 
        "fields": {
            "type": "Normal", 
            "direction": "north", 
            "to_room": 28, 
            "from_room": 29
        }
    }, 
    {
        "pk": 54, 
        "model": "world.roomconnector", 
        "fields": {
            "type": "Normal", 
            "direction": "south", 
            "to_room": 30, 
            "from_room": 29
        }
    }, 
    {
        "pk": 55, 
        "model": "world.roomconnector", 
        "fields": {
            "type": "Normal", 
            "direction": "north", 
            "to_room": 27, 
            "from_room": 28
        }
    }, 
    {
        "pk": 56, 
        "model": "world.roomconnector", 
        "fields": {
            "type": "Normal", 
            "direction": "south", 
            "to_room": 29, 
            "from_room": 28
        }
    }, 
    {
        "pk": 57, 
        "model": "world.roomconnector", 
        "fields": {
            "type": "Normal", 
            "direction": "north", 
            "to_room": 26, 
            "from_room": 27
        }
    }, 
    {
        "pk": 58, 
        "model": "world.roomconnector", 
        "fields": {
            "type": "Normal", 
            "direction": "south", 
            "to_room": 28, 
            "from_room": 27
        }
    }, 
    {
        "pk": 59, 
        "model": "world.roomconnector", 
        "fields": {
            "type": "Normal", 
            "direction": "north", 
            "to_room": 25, 
            "from_room": 26
        }
    }, 
    {
        "pk": 60, 
        "model": "world.roomconnector", 
        "fields": {
            "type": "Normal", 
            "direction": "south", 
            "to_room": 27, 
            "from_room": 26
        }
    }, 
    {
        "pk": 61, 
        "model": "world.roomconnector", 
        "fields": {
            "type": "Normal", 
            "direction": "south", 
            "to_room": 26, 
            "from_room": 25
        }
    }, 
    {
        "pk": 62, 
        "model": "world.roomconnector", 
        "fields": {
            "type": "Normal", 
            "direction": "east", 
            "to_room": 32, 
            "from_room": 33
        }
    }, 
    {
        "pk": 63, 
        "model": "world.roomconnector", 
        "fields": {
            "type": "Normal", 
            "direction": "west", 
            "to_room": 35, 
            "from_room": 16
        }
    }, 
    {
        "pk": 64, 
        "model": "world.roomconnector", 
        "fields": {
            "type": "Normal", 
            "direction": "east", 
            "to_room": 16, 
            "from_room": 35
        }
    }, 
    {
        "pk": 65, 
        "model": "world.roomconnector", 
        "fields": {
            "type": "Normal", 
            "direction": "south", 
            "to_room": 37, 
            "from_room": 38
        }
    }, 
    {
        "pk": 66, 
        "model": "world.roomconnector", 
        "fields": {
            "type": "Normal", 
            "direction": "north", 
            "to_room": 38, 
            "from_room": 37
        }
    }, 
    {
        "pk": 67, 
        "model": "world.roomconnector", 
        "fields": {
            "type": "Normal", 
            "direction": "south", 
            "to_room": 35, 
            "from_room": 37
        }
    }, 
    {
        "pk": 68, 
        "model": "world.roomconnector", 
        "fields": {
            "type": "Normal", 
            "direction": "north", 
            "to_room": 37, 
            "from_room": 35
        }
    }, 
    {
        "pk": 69, 
        "model": "world.roomconnector", 
        "fields": {
            "type": "Normal", 
            "direction": "east", 
            "to_room": 35, 
            "from_room": 36
        }
    }, 
    {
        "pk": 70, 
        "model": "world.roomconnector", 
        "fields": {
            "type": "Normal", 
            "direction": "east", 
            "to_room": 37, 
            "from_room": 39
        }
    }, 
    {
        "pk": 71, 
        "model": "world.roomconnector", 
        "fields": {
            "type": "Normal", 
            "direction": "south", 
            "to_room": 36, 
            "from_room": 39
        }
    }, 
    {
        "pk": 72, 
        "model": "world.roomconnector", 
        "fields": {
            "type": "Normal", 
            "direction": "east", 
            "to_room": 39, 
            "from_room": 40
        }
    }, 
    {
        "pk": 73, 
        "model": "world.roomconnector", 
        "fields": {
            "type": "Normal", 
            "direction": "north", 
            "to_room": 40, 
            "from_room": 41
        }
    }, 
    {
        "pk": 74, 
        "model": "world.roomconnector", 
        "fields": {
            "type": "Normal", 
            "direction": "east", 
            "to_room": 36, 
            "from_room": 41
        }
    }, 
    {
        "pk": 75, 
        "model": "world.roomconnector", 
        "fields": {
            "type": "Normal", 
            "direction": "south", 
            "to_room": 41, 
            "from_room": 40
        }
    }, 
    {
        "pk": 76, 
        "model": "world.roomconnector", 
        "fields": {
            "type": "Normal", 
            "direction": "west", 
            "to_room": 40, 
            "from_room": 39
        }
    }, 
    {
        "pk": 77, 
        "model": "world.roomconnector", 
        "fields": {
            "type": "Normal", 
            "direction": "west", 
            "to_room": 39, 
            "from_room": 37
        }
    }, 
    {
        "pk": 78, 
        "model": "world.roomconnector", 
        "fields": {
            "type": "Normal", 
            "direction": "west", 
            "to_room": 36, 
            "from_room": 35
        }
    }, 
    {
        "pk": 79, 
        "model": "world.roomconnector", 
        "fields": {
            "type": "Normal", 
            "direction": "west", 
            "to_room": 41, 
            "from_room": 36
        }
    }, 
    {
        "pk": 80, 
        "model": "world.roomconnector", 
        "fields": {
            "type": "Normal", 
            "direction": "north", 
            "to_room": 39, 
            "from_room": 36
        }
    }, 
    {
        "pk": 81, 
        "model": "world.roomconnector", 
        "fields": {
            "type": "Normal", 
            "direction": "east", 
            "to_room": 41, 
            "from_room": 42
        }
    }, 
    {
        "pk": 82, 
        "model": "world.roomconnector", 
        "fields": {
            "type": "Normal", 
            "direction": "west", 
            "to_room": 42, 
            "from_room": 41
        }
    }, 
    {
        "pk": 83, 
        "model": "world.roomconnector", 
        "fields": {
            "type": "Normal", 
            "direction": "north", 
            "to_room": 42, 
            "from_room": 43
        }
    }, 
    {
        "pk": 84, 
        "model": "world.roomconnector", 
        "fields": {
            "type": "Normal", 
            "direction": "east", 
            "to_room": 44, 
            "from_room": 45
        }
    }, 
    {
        "pk": 85, 
        "model": "world.roomconnector", 
        "fields": {
            "type": "Normal", 
            "direction": "east", 
            "to_room": 43, 
            "from_room": 44
        }
    }, 
    {
        "pk": 86, 
        "model": "world.roomconnector", 
        "fields": {
            "type": "Normal", 
            "direction": "west", 
            "to_room": 45, 
            "from_room": 44
        }
    }, 
    {
        "pk": 87, 
        "model": "world.roomconnector", 
        "fields": {
            "type": "Normal", 
            "direction": "west", 
            "to_room": 44, 
            "from_room": 43
        }
    }, 
    {
        "pk": 88, 
        "model": "world.roomconnector", 
        "fields": {
            "type": "Normal", 
            "direction": "south", 
            "to_room": 43, 
            "from_room": 42
        }
    }, 
    {
        "pk": 89, 
        "model": "world.roomconnector", 
        "fields": {
            "type": "Normal", 
            "direction": "north", 
            "to_room": 36, 
            "from_room": 46
        }
    }, 
    {
        "pk": 90, 
        "model": "world.roomconnector", 
        "fields": {
            "type": "Normal", 
            "direction": "west", 
            "to_room": 60, 
            "from_room": 61
        }
    }, 
    {
        "pk": 91, 
        "model": "world.roomconnector", 
        "fields": {
            "type": "Normal", 
            "direction": "east", 
            "to_room": 61, 
            "from_room": 60
        }
    }, 
    {
        "pk": 92, 
        "model": "world.roomconnector", 
        "fields": {
            "type": "Normal", 
            "direction": "west", 
            "to_room": 59, 
            "from_room": 60
        }
    }, 
    {
        "pk": 93, 
        "model": "world.roomconnector", 
        "fields": {
            "type": "Normal", 
            "direction": "east", 
            "to_room": 60, 
            "from_room": 59
        }
    }, 
    {
        "pk": 94, 
        "model": "world.roomconnector", 
        "fields": {
            "type": "Normal", 
            "direction": "west", 
            "to_room": 58, 
            "from_room": 59
        }
    }, 
    {
        "pk": 95, 
        "model": "world.roomconnector", 
        "fields": {
            "type": "Normal", 
            "direction": "east", 
            "to_room": 59, 
            "from_room": 58
        }
    }, 
    {
        "pk": 96, 
        "model": "world.roomconnector", 
        "fields": {
            "type": "Normal", 
            "direction": "east", 
            "to_room": 66, 
            "from_room": 67
        }
    }, 
    {
        "pk": 97, 
        "model": "world.roomconnector", 
        "fields": {
            "type": "Normal", 
            "direction": "east", 
            "to_room": 69, 
            "from_room": 70
        }
    }, 
    {
        "pk": 98, 
        "model": "world.roomconnector", 
        "fields": {
            "type": "Normal", 
            "direction": "east", 
            "to_room": 68, 
            "from_room": 69
        }
    }, 
    {
        "pk": 99, 
        "model": "world.roomconnector", 
        "fields": {
            "type": "Normal", 
            "direction": "west", 
            "to_room": 70, 
            "from_room": 69
        }
    }, 
    {
        "pk": 100, 
        "model": "world.roomconnector", 
        "fields": {
            "type": "Normal", 
            "direction": "east", 
            "to_room": 67, 
            "from_room": 68
        }
    }, 
    {
        "pk": 101, 
        "model": "world.roomconnector", 
        "fields": {
            "type": "Normal", 
            "direction": "west", 
            "to_room": 69, 
            "from_room": 68
        }
    }, 
    {
        "pk": 102, 
        "model": "world.roomconnector", 
        "fields": {
            "type": "Normal", 
            "direction": "west", 
            "to_room": 68, 
            "from_room": 67
        }
    }, 
    {
        "pk": 103, 
        "model": "world.roomconnector", 
        "fields": {
            "type": "Normal", 
            "direction": "east", 
            "to_room": 65, 
            "from_room": 66
        }
    }, 
    {
        "pk": 104, 
        "model": "world.roomconnector", 
        "fields": {
            "type": "Normal", 
            "direction": "west", 
            "to_room": 67, 
            "from_room": 66
        }
    }, 
    {
        "pk": 105, 
        "model": "world.roomconnector", 
        "fields": {
            "type": "Normal", 
            "direction": "east", 
            "to_room": 64, 
            "from_room": 65
        }
    }, 
    {
        "pk": 106, 
        "model": "world.roomconnector", 
        "fields": {
            "type": "Normal", 
            "direction": "west", 
            "to_room": 66, 
            "from_room": 65
        }
    }, 
    {
        "pk": 107, 
        "model": "world.roomconnector", 
        "fields": {
            "type": "Normal", 
            "direction": "east", 
            "to_room": 63, 
            "from_room": 64
        }
    }, 
    {
        "pk": 108, 
        "model": "world.roomconnector", 
        "fields": {
            "type": "Normal", 
            "direction": "west", 
            "to_room": 65, 
            "from_room": 64
        }
    }, 
    {
        "pk": 109, 
        "model": "world.roomconnector", 
        "fields": {
            "type": "Normal", 
            "direction": "east", 
            "to_room": 62, 
            "from_room": 63
        }
    }, 
    {
        "pk": 110, 
        "model": "world.roomconnector", 
        "fields": {
            "type": "Normal", 
            "direction": "west", 
            "to_room": 64, 
            "from_room": 63
        }
    }, 
    {
        "pk": 111, 
        "model": "world.roomconnector", 
        "fields": {
            "type": "Normal", 
            "direction": "west", 
            "to_room": 63, 
            "from_room": 62
        }
    }, 
    {
        "pk": 112, 
        "model": "world.roomconnector", 
        "fields": {
            "type": "Normal", 
            "direction": "north", 
            "to_room": 71, 
            "from_room": 72
        }
    }, 
    {
        "pk": 113, 
        "model": "world.roomconnector", 
        "fields": {
            "type": "Normal", 
            "direction": "north", 
            "to_room": 57, 
            "from_room": 71
        }
    }, 
    {
        "pk": 114, 
        "model": "world.roomconnector", 
        "fields": {
            "type": "Normal", 
            "direction": "south", 
            "to_room": 72, 
            "from_room": 71
        }
    }, 
    {
        "pk": 115, 
        "model": "world.roomconnector", 
        "fields": {
            "type": "Normal", 
            "direction": "north", 
            "to_room": 56, 
            "from_room": 57
        }
    }, 
    {
        "pk": 116, 
        "model": "world.roomconnector", 
        "fields": {
            "type": "Normal", 
            "direction": "south", 
            "to_room": 71, 
            "from_room": 57
        }
    }, 
    {
        "pk": 117, 
        "model": "world.roomconnector", 
        "fields": {
            "type": "Normal", 
            "direction": "north", 
            "to_room": 55, 
            "from_room": 56
        }
    }, 
    {
        "pk": 118, 
        "model": "world.roomconnector", 
        "fields": {
            "type": "Normal", 
            "direction": "south", 
            "to_room": 57, 
            "from_room": 56
        }
    }, 
    {
        "pk": 119, 
        "model": "world.roomconnector", 
        "fields": {
            "type": "Normal", 
            "direction": "north", 
            "to_room": 33, 
            "from_room": 55
        }
    }, 
    {
        "pk": 120, 
        "model": "world.roomconnector", 
        "fields": {
            "type": "Normal", 
            "direction": "south", 
            "to_room": 56, 
            "from_room": 55
        }
    }, 
    {
        "pk": 121, 
        "model": "world.roomconnector", 
        "fields": {
            "type": "Normal", 
            "direction": "south", 
            "to_room": 55, 
            "from_room": 33
        }
    }, 
    {
        "pk": 122, 
        "model": "world.roomconnector", 
        "fields": {
            "type": "Normal", 
            "direction": "west", 
            "to_room": 54, 
            "from_room": 55
        }
    }, 
    {
        "pk": 123, 
        "model": "world.roomconnector", 
        "fields": {
            "type": "Normal", 
            "direction": "east", 
            "to_room": 55, 
            "from_room": 54
        }
    }, 
    {
        "pk": 124, 
        "model": "world.roomconnector", 
        "fields": {
            "type": "Normal", 
            "direction": "east", 
            "to_room": 54, 
            "from_room": 53
        }
    }, 
    {
        "pk": 125, 
        "model": "world.roomconnector", 
        "fields": {
            "type": "Normal", 
            "direction": "west", 
            "to_room": 52, 
            "from_room": 53
        }
    }, 
    {
        "pk": 126, 
        "model": "world.roomconnector", 
        "fields": {
            "type": "Normal", 
            "direction": "east", 
            "to_room": 53, 
            "from_room": 52
        }
    }, 
    {
        "pk": 137, 
        "model": "world.roomconnector", 
        "fields": {
            "type": "Normal", 
            "direction": "north", 
            "to_room": 46, 
            "from_room": 47
        }
    }, 
    {
        "pk": 138, 
        "model": "world.roomconnector", 
        "fields": {
            "type": "Normal", 
            "direction": "south", 
            "to_room": 47, 
            "from_room": 46
        }
    }, 
    {
        "pk": 139, 
        "model": "world.roomconnector", 
        "fields": {
            "type": "Normal", 
            "direction": "south", 
            "to_room": 46, 
            "from_room": 36
        }
    }, 
    {
        "pk": 140, 
        "model": "world.roomconnector", 
        "fields": {
            "type": "Normal", 
            "direction": "west", 
            "to_room": 53, 
            "from_room": 54
        }
    }, 
    {
        "pk": 142, 
        "model": "world.roomconnector", 
        "fields": {
            "type": "Normal", 
            "direction": "north", 
            "to_room": 73, 
            "from_room": 74
        }
    }, 
    {
        "pk": 146, 
        "model": "world.roomconnector", 
        "fields": {
            "type": "Normal", 
            "direction": "south", 
            "to_room": 74, 
            "from_room": 73
        }
    }, 
    {
        "pk": 147, 
        "model": "world.roomconnector", 
        "fields": {
            "type": "Normal", 
            "direction": "north", 
            "to_room": 74, 
            "from_room": 76
        }
    }, 
    {
        "pk": 148, 
        "model": "world.roomconnector", 
        "fields": {
            "type": "Normal", 
            "direction": "east", 
            "to_room": 75, 
            "from_room": 76
        }
    }, 
    {
        "pk": 149, 
        "model": "world.roomconnector", 
        "fields": {
            "type": "Normal", 
            "direction": "south", 
            "to_room": 76, 
            "from_room": 74
        }
    }, 
    {
        "pk": 150, 
        "model": "world.roomconnector", 
        "fields": {
            "type": "Normal", 
            "direction": "west", 
            "to_room": 75, 
            "from_room": 77
        }
    }, 
    {
        "pk": 151, 
        "model": "world.roomconnector", 
        "fields": {
            "type": "Normal", 
            "direction": "north", 
            "to_room": 52, 
            "from_room": 77
        }
    }, 
    {
        "pk": 152, 
        "model": "world.roomconnector", 
        "fields": {
            "type": "Normal", 
            "direction": "east", 
            "to_room": 77, 
            "from_room": 75
        }
    }, 
    {
        "pk": 153, 
        "model": "world.roomconnector", 
        "fields": {
            "type": "Normal", 
            "direction": "west", 
            "to_room": 76, 
            "from_room": 75
        }
    }, 
    {
        "pk": 154, 
        "model": "world.roomconnector", 
        "fields": {
            "type": "Normal", 
            "direction": "south", 
            "to_room": 77, 
            "from_room": 52
        }
    }, 
    {
        "pk": 155, 
        "model": "world.roomconnector", 
        "fields": {
            "type": "Normal", 
            "direction": "north", 
            "to_room": 47, 
            "from_room": 78
        }
    }, 
    {
        "pk": 156, 
        "model": "world.roomconnector", 
        "fields": {
            "type": "Normal", 
            "direction": "south", 
            "to_room": 73, 
            "from_room": 78
        }
    }, 
    {
        "pk": 157, 
        "model": "world.roomconnector", 
        "fields": {
            "type": "Normal", 
            "direction": "south", 
            "to_room": 78, 
            "from_room": 47
        }
    }, 
    {
        "pk": 158, 
        "model": "world.roomconnector", 
        "fields": {
            "type": "Normal", 
            "direction": "north", 
            "to_room": 78, 
            "from_room": 73
        }
    }, 
    {
        "pk": 159, 
        "model": "world.roomconnector", 
        "fields": {
            "type": "Normal", 
            "direction": "south", 
            "to_room": 12, 
            "from_room": 79
        }
    }, 
    {
        "pk": 160, 
        "model": "world.roomconnector", 
        "fields": {
            "type": "Normal", 
            "direction": "north", 
            "to_room": 79, 
            "from_room": 12
        }
    }, 
    {
        "pk": 162, 
        "model": "world.roomconnector", 
        "fields": {
            "type": "Normal", 
            "direction": "west", 
            "to_room": 56, 
            "from_room": 80
        }
    }, 
    {
        "pk": 163, 
        "model": "world.roomconnector", 
        "fields": {
            "type": "Normal", 
            "direction": "north", 
            "to_room": 24, 
            "from_room": 81
        }
    }, 
    {
        "pk": 164, 
        "model": "world.roomconnector", 
        "fields": {
            "type": "Normal", 
            "direction": "south", 
            "to_room": 81, 
            "from_room": 24
        }
    }, 
    {
        "pk": 165, 
        "model": "world.roomconnector", 
        "fields": {
            "type": "Normal", 
            "direction": "north", 
            "to_room": 83, 
            "from_room": 23
        }
    }, 
    {
        "pk": 166, 
        "model": "world.roomconnector", 
        "fields": {
            "type": "Normal", 
            "direction": "south", 
            "to_room": 23, 
            "from_room": 83
        }
    }, 
    {
        "pk": 173, 
        "model": "world.roomconnector", 
        "fields": {
            "type": "Normal", 
            "direction": "east", 
            "to_room": 4, 
            "from_room": 84
        }
    }, 
    {
        "pk": 174, 
        "model": "world.roomconnector", 
        "fields": {
            "type": "Normal", 
            "direction": "west", 
            "to_room": 84, 
            "from_room": 4
        }
    }, 
    {
        "pk": 176, 
        "model": "world.roomconnector", 
        "fields": {
            "type": "Normal", 
            "direction": "west", 
            "to_room": 5, 
            "from_room": 2
        }
    }, 
    {
        "pk": 177, 
        "model": "world.roomconnector", 
        "fields": {
            "type": "Normal", 
            "direction": "east", 
            "to_room": 3, 
            "from_room": 2
        }
    }, 
    {
        "pk": 178, 
        "model": "world.roomconnector", 
        "fields": {
            "type": "Normal", 
            "direction": "north", 
            "to_room": 4, 
            "from_room": 2
        }
    }, 
    {
        "pk": 180, 
        "model": "world.roomconnector", 
        "fields": {
            "type": "Normal", 
            "direction": "west", 
            "to_room": 2, 
            "from_room": 3
        }
    }, 
    {
        "pk": 181, 
        "model": "world.roomconnector", 
        "fields": {
            "type": "Normal", 
            "direction": "east", 
            "to_room": 2, 
            "from_room": 5
        }
    }, 
    {
        "pk": 182, 
        "model": "world.roomconnector", 
        "fields": {
            "type": "Normal", 
            "direction": "south", 
            "to_room": 2, 
            "from_room": 4
        }
    }, 
    {
        "pk": 1, 
        "model": "world.room", 
        "fields": {
            "xpos": 0, 
            "description": "You barely exist.", 
            "zone": 1, 
            "ypos": 0, 
            "type": "hidden", 
            "name": "The Void"
        }
    }, 
    {
        "pk": 2, 
        "model": "world.room", 
        "fields": {
            "xpos": 0, 
            "description": "The center of the world.", 
            "zone": 1, 
            "ypos": -1, 
            "type": "city", 
            "name": "Center of the World"
        }
    }, 
    {
        "pk": 3, 
        "model": "world.room", 
        "fields": {
            "xpos": 1, 
            "description": "Just to the east of the center of the world.", 
            "zone": 1, 
            "ypos": -1, 
            "type": "city", 
            "name": "Eastern terrace"
        }
    }, 
    {
        "pk": 4, 
        "model": "world.room", 
        "fields": {
            "xpos": 0, 
            "description": "A small path that leaves the center of the world, going north.", 
            "zone": 1, 
            "ypos": -2, 
            "type": "city", 
            "name": "The northern path"
        }
    }, 
    {
        "pk": 5, 
        "model": "world.room", 
        "fields": {
            "xpos": -1, 
            "description": "Just to the west of the center of the world", 
            "zone": 1, 
            "ypos": -1, 
            "type": "shop", 
            "name": "The inn"
        }
    }, 
    {
        "pk": 7, 
        "model": "world.room", 
        "fields": {
            "xpos": 2, 
            "description": "", 
            "zone": 1, 
            "ypos": -2, 
            "type": "shop", 
            "name": "The armory"
        }
    }, 
    {
        "pk": 12, 
        "model": "world.room", 
        "fields": {
            "xpos": 0, 
            "description": "", 
            "zone": 1, 
            "ypos": -3, 
            "type": "city", 
            "name": "Intersection"
        }
    }, 
    {
        "pk": 13, 
        "model": "world.room", 
        "fields": {
            "xpos": 1, 
            "description": "", 
            "zone": 1, 
            "ypos": -3, 
            "type": "city", 
            "name": "Outside merchant row"
        }
    }, 
    {
        "pk": 14, 
        "model": "world.room", 
        "fields": {
            "xpos": -1, 
            "description": "", 
            "zone": 1, 
            "ypos": -3, 
            "type": "city", 
            "name": "A well-lit street"
        }
    }, 
    {
        "pk": 15, 
        "model": "world.room", 
        "fields": {
            "xpos": -2, 
            "description": "", 
            "zone": 1, 
            "ypos": -3, 
            "type": "city", 
            "name": "Bend in the road"
        }
    }, 
    {
        "pk": 16, 
        "model": "world.room", 
        "fields": {
            "xpos": -2, 
            "description": "This is outisde the western gate", 
            "zone": 1, 
            "ypos": -2, 
            "type": "city", 
            "name": "Inside the western gate"
        }
    }, 
    {
        "pk": 17, 
        "model": "world.room", 
        "fields": {
            "xpos": -2, 
            "description": "", 
            "zone": 1, 
            "ypos": -1, 
            "type": "city", 
            "name": "South of the western gate"
        }
    }, 
    {
        "pk": 18, 
        "model": "world.room", 
        "fields": {
            "xpos": -2, 
            "description": "", 
            "zone": 1, 
            "ypos": 0, 
            "type": "city", 
            "name": "Along the western wall"
        }
    }, 
    {
        "pk": 19, 
        "model": "world.room", 
        "fields": {
            "xpos": -2, 
            "description": "", 
            "zone": 1, 
            "ypos": 1, 
            "type": "city", 
            "name": "Outside the cheese shop"
        }
    }, 
    {
        "pk": 20, 
        "model": "world.room", 
        "fields": {
            "xpos": -2, 
            "description": "", 
            "zone": 1, 
            "ypos": 2, 
            "type": "city", 
            "name": "Bend in the road"
        }
    }, 
    {
        "pk": 21, 
        "model": "world.room", 
        "fields": {
            "xpos": -1, 
            "description": "", 
            "zone": 1, 
            "ypos": 2, 
            "type": "city", 
            "name": "Along the southern wall"
        }
    }, 
    {
        "pk": 22, 
        "model": "world.room", 
        "fields": {
            "xpos": -1, 
            "description": "", 
            "zone": 1, 
            "ypos": 1, 
            "type": "shop", 
            "name": "The cheese shop"
        }
    }, 
    {
        "pk": 23, 
        "model": "world.room", 
        "fields": {
            "xpos": 2, 
            "description": "", 
            "zone": 1, 
            "ypos": -3, 
            "type": "city", 
            "name": "Merchant row"
        }
    }, 
    {
        "pk": 24, 
        "model": "world.room", 
        "fields": {
            "xpos": 3, 
            "description": "", 
            "zone": 1, 
            "ypos": -3, 
            "type": "city", 
            "name": "Merchant row"
        }
    }, 
    {
        "pk": 25, 
        "model": "world.room", 
        "fields": {
            "xpos": 4, 
            "description": "", 
            "zone": 1, 
            "ypos": -3, 
            "type": "city", 
            "name": "North-East corner of the city"
        }
    }, 
    {
        "pk": 26, 
        "model": "world.room", 
        "fields": {
            "xpos": 4, 
            "description": "", 
            "zone": 1, 
            "ypos": -2, 
            "type": "city", 
            "name": "A quiet street"
        }
    }, 
    {
        "pk": 27, 
        "model": "world.room", 
        "fields": {
            "xpos": 4, 
            "description": "", 
            "zone": 1, 
            "ypos": -1, 
            "type": "city", 
            "name": "A dark, shady street"
        }
    }, 
    {
        "pk": 28, 
        "model": "world.room", 
        "fields": {
            "xpos": 4, 
            "description": "", 
            "zone": 1, 
            "ypos": 0, 
            "type": "city", 
            "name": "A dark, shady street"
        }
    }, 
    {
        "pk": 29, 
        "model": "world.room", 
        "fields": {
            "xpos": 4, 
            "description": "", 
            "zone": 1, 
            "ypos": 1, 
            "type": "city", 
            "name": "A deserted plaza"
        }
    }, 
    {
        "pk": 30, 
        "model": "world.room", 
        "fields": {
            "xpos": 4, 
            "description": "", 
            "zone": 1, 
            "ypos": 2, 
            "type": "city", 
            "name": "South-East corner of the city"
        }
    }, 
    {
        "pk": 31, 
        "model": "world.room", 
        "fields": {
            "xpos": 3, 
            "description": "", 
            "zone": 1, 
            "ypos": 2, 
            "type": "city", 
            "name": "A small street"
        }
    }, 
    {
        "pk": 32, 
        "model": "world.room", 
        "fields": {
            "xpos": 2, 
            "description": "", 
            "zone": 1, 
            "ypos": 2, 
            "type": "city", 
            "name": "East of the southern gate"
        }
    }, 
    {
        "pk": 33, 
        "model": "world.room", 
        "fields": {
            "xpos": 1, 
            "description": "", 
            "zone": 1, 
            "ypos": 2, 
            "type": "city", 
            "name": "The southern gate"
        }
    }, 
    {
        "pk": 34, 
        "model": "world.room", 
        "fields": {
            "xpos": 0, 
            "description": "", 
            "zone": 1, 
            "ypos": 2, 
            "type": "city", 
            "name": "West of the southern gate"
        }
    }, 
    {
        "pk": 35, 
        "model": "world.room", 
        "fields": {
            "xpos": -3, 
            "description": "", 
            "zone": 1, 
            "ypos": -2, 
            "type": "road", 
            "name": "Outisde the western gate"
        }
    }, 
    {
        "pk": 36, 
        "model": "world.room", 
        "fields": {
            "xpos": -4, 
            "description": "", 
            "zone": 1, 
            "ypos": -2, 
            "type": "road", 
            "name": "Intersection in the road"
        }
    }, 
    {
        "pk": 37, 
        "model": "world.room", 
        "fields": {
            "xpos": -3, 
            "description": "", 
            "zone": 1, 
            "ypos": -3, 
            "type": "field", 
            "name": "Green fields by the road"
        }
    }, 
    {
        "pk": 38, 
        "model": "world.room", 
        "fields": {
            "xpos": -3, 
            "description": "", 
            "zone": 1, 
            "ypos": -4, 
            "type": "field", 
            "name": "Entrance to a dense forest"
        }
    }, 
    {
        "pk": 39, 
        "model": "world.room", 
        "fields": {
            "xpos": -4, 
            "description": "", 
            "zone": 1, 
            "ypos": -3, 
            "type": "field", 
            "name": "Green fields by the road"
        }
    }, 
    {
        "pk": 40, 
        "model": "world.room", 
        "fields": {
            "xpos": -5, 
            "description": "", 
            "zone": 1, 
            "ypos": -3, 
            "type": "field", 
            "name": "A small farm"
        }
    }, 
    {
        "pk": 41, 
        "model": "world.room", 
        "fields": {
            "xpos": -5, 
            "description": "", 
            "zone": 1, 
            "ypos": -2, 
            "type": "road", 
            "name": "Road outside the farm"
        }
    }, 
    {
        "pk": 42, 
        "model": "world.room", 
        "fields": {
            "xpos": -6, 
            "description": "", 
            "zone": 1, 
            "ypos": -2, 
            "type": "road", 
            "name": "Northern bend in the road"
        }
    }, 
    {
        "pk": 43, 
        "model": "world.room", 
        "fields": {
            "xpos": -6, 
            "description": "", 
            "zone": 1, 
            "ypos": -1, 
            "type": "road", 
            "name": "Southern bend in the road"
        }
    }, 
    {
        "pk": 44, 
        "model": "world.room", 
        "fields": {
            "xpos": -7, 
            "description": "", 
            "zone": 1, 
            "ypos": -1, 
            "type": "road", 
            "name": "A dusty road"
        }
    }, 
    {
        "pk": 45, 
        "model": "world.room", 
        "fields": {
            "xpos": -8, 
            "description": "", 
            "zone": 1, 
            "ypos": -1, 
            "type": "road", 
            "name": "End of the world"
        }
    }, 
    {
        "pk": 46, 
        "model": "world.room", 
        "fields": {
            "xpos": -4, 
            "description": "", 
            "zone": 1, 
            "ypos": -1, 
            "type": "road", 
            "name": "Beginning of a small dirt road"
        }
    }, 
    {
        "pk": 47, 
        "model": "world.room", 
        "fields": {
            "xpos": -4, 
            "description": "", 
            "zone": 1, 
            "ypos": 0, 
            "type": "road", 
            "name": "Along a small dirt road"
        }
    }, 
    {
        "pk": 52, 
        "model": "world.room", 
        "fields": {
            "xpos": -2, 
            "description": "", 
            "zone": 1, 
            "ypos": 3, 
            "type": "road", 
            "name": "Bend before the river"
        }
    }, 
    {
        "pk": 53, 
        "model": "world.room", 
        "fields": {
            "xpos": -1, 
            "description": "", 
            "zone": 1, 
            "ypos": 3, 
            "type": "road", 
            "name": "Outside the city walls"
        }
    }, 
    {
        "pk": 54, 
        "model": "world.room", 
        "fields": {
            "xpos": 0, 
            "description": "", 
            "zone": 1, 
            "ypos": 3, 
            "type": "road", 
            "name": "On a small path"
        }
    }, 
    {
        "pk": 55, 
        "model": "world.room", 
        "fields": {
            "xpos": 1, 
            "description": "", 
            "zone": 1, 
            "ypos": 3, 
            "type": "road", 
            "name": "Outside the southern gate"
        }
    }, 
    {
        "pk": 56, 
        "model": "world.room", 
        "fields": {
            "xpos": 1, 
            "description": "", 
            "zone": 1, 
            "ypos": 4, 
            "type": "road", 
            "name": "Before the river"
        }
    }, 
    {
        "pk": 57, 
        "model": "world.room", 
        "fields": {
            "xpos": 1, 
            "description": "", 
            "zone": 1, 
            "ypos": 5, 
            "type": "road", 
            "name": "On a bridge over the river"
        }
    }, 
    {
        "pk": 58, 
        "model": "world.room", 
        "fields": {
            "xpos": 2, 
            "description": "", 
            "zone": 1, 
            "ypos": 5, 
            "type": "water", 
            "name": "Untitled room"
        }
    }, 
    {
        "pk": 59, 
        "model": "world.room", 
        "fields": {
            "xpos": 3, 
            "description": "", 
            "zone": 1, 
            "ypos": 5, 
            "type": "water", 
            "name": "Untitled room"
        }
    }, 
    {
        "pk": 60, 
        "model": "world.room", 
        "fields": {
            "xpos": 4, 
            "description": "", 
            "zone": 1, 
            "ypos": 5, 
            "type": "water", 
            "name": "Untitled room"
        }
    }, 
    {
        "pk": 61, 
        "model": "world.room", 
        "fields": {
            "xpos": 5, 
            "description": "", 
            "zone": 1, 
            "ypos": 5, 
            "type": "water", 
            "name": "Untitled room"
        }
    }, 
    {
        "pk": 62, 
        "model": "world.room", 
        "fields": {
            "xpos": 0, 
            "description": "", 
            "zone": 1, 
            "ypos": 5, 
            "type": "water", 
            "name": "Untitled room"
        }
    }, 
    {
        "pk": 63, 
        "model": "world.room", 
        "fields": {
            "xpos": -1, 
            "description": "", 
            "zone": 1, 
            "ypos": 5, 
            "type": "water", 
            "name": "Untitled room"
        }
    }, 
    {
        "pk": 64, 
        "model": "world.room", 
        "fields": {
            "xpos": -2, 
            "description": "", 
            "zone": 1, 
            "ypos": 5, 
            "type": "water", 
            "name": "Untitled room"
        }
    }, 
    {
        "pk": 65, 
        "model": "world.room", 
        "fields": {
            "xpos": -3, 
            "description": "", 
            "zone": 1, 
            "ypos": 5, 
            "type": "water", 
            "name": "Untitled room"
        }
    }, 
    {
        "pk": 66, 
        "model": "world.room", 
        "fields": {
            "xpos": -4, 
            "description": "", 
            "zone": 1, 
            "ypos": 5, 
            "type": "water", 
            "name": "Untitled room"
        }
    }, 
    {
        "pk": 67, 
        "model": "world.room", 
        "fields": {
            "xpos": -5, 
            "description": "", 
            "zone": 1, 
            "ypos": 5, 
            "type": "water", 
            "name": "Untitled room"
        }
    }, 
    {
        "pk": 68, 
        "model": "world.room", 
        "fields": {
            "xpos": -6, 
            "description": "", 
            "zone": 1, 
            "ypos": 5, 
            "type": "water", 
            "name": "Untitled room"
        }
    }, 
    {
        "pk": 69, 
        "model": "world.room", 
        "fields": {
            "xpos": -7, 
            "description": "", 
            "zone": 1, 
            "ypos": 5, 
            "type": "water", 
            "name": "Untitled room"
        }
    }, 
    {
        "pk": 70, 
        "model": "world.room", 
        "fields": {
            "xpos": -8, 
            "description": "", 
            "zone": 1, 
            "ypos": 5, 
            "type": "water", 
            "name": "Untitled room"
        }
    }, 
    {
        "pk": 71, 
        "model": "world.room", 
        "fields": {
            "xpos": 1, 
            "description": "", 
            "zone": 1, 
            "ypos": 6, 
            "type": "road", 
            "name": "Down the dusty road"
        }
    }, 
    {
        "pk": 72, 
        "model": "world.room", 
        "fields": {
            "xpos": 1, 
            "description": "", 
            "zone": 1, 
            "ypos": 7, 
            "type": "road", 
            "name": "The end of the world"
        }
    }, 
    {
        "pk": 73, 
        "model": "world.room", 
        "fields": {
            "xpos": -4, 
            "description": "", 
            "zone": 1, 
            "ypos": 2, 
            "type": "road", 
            "name": "Untitled room"
        }
    }, 
    {
        "pk": 74, 
        "model": "world.room", 
        "fields": {
            "xpos": -4, 
            "description": "", 
            "zone": 1, 
            "ypos": 3, 
            "type": "road", 
            "name": "Untitled room"
        }
    }, 
    {
        "pk": 75, 
        "model": "world.room", 
        "fields": {
            "xpos": -3, 
            "description": "", 
            "zone": 1, 
            "ypos": 4, 
            "type": "road", 
            "name": "On the river bank"
        }
    }, 
    {
        "pk": 76, 
        "model": "world.room", 
        "fields": {
            "xpos": -4, 
            "description": "", 
            "zone": 1, 
            "ypos": 4, 
            "type": "road", 
            "name": "Bend by the river bank"
        }
    }, 
    {
        "pk": 77, 
        "model": "world.room", 
        "fields": {
            "xpos": -2, 
            "description": "", 
            "zone": 1, 
            "ypos": 4, 
            "type": "road", 
            "name": "Bend by the river bank"
        }
    }, 
    {
        "pk": 78, 
        "model": "world.room", 
        "fields": {
            "xpos": -4, 
            "description": "", 
            "zone": 1, 
            "ypos": 1, 
            "type": "road", 
            "name": "Untitled room"
        }
    }, 
    {
        "pk": 79, 
        "model": "world.room", 
        "fields": {
            "xpos": 0, 
            "description": "", 
            "zone": 1, 
            "ypos": -4, 
            "type": "city", 
            "name": "Cul de sac"
        }
    }, 
    {
        "pk": 80, 
        "model": "world.room", 
        "fields": {
            "xpos": 2, 
            "description": "If you are here it's because you've been idle for a while. Go 1w to interact with the world again.", 
            "zone": 1, 
            "ypos": 4, 
            "type": "city", 
            "name": "The Idle Room"
        }
    }, 
    {
        "pk": 81, 
        "model": "world.room", 
        "fields": {
            "xpos": 3, 
            "description": "", 
            "zone": 1, 
            "ypos": -2, 
            "type": "shop", 
            "name": "The tanner"
        }
    }, 
    {
        "pk": 83, 
        "model": "world.room", 
        "fields": {
            "xpos": 2, 
            "description": "", 
            "zone": 1, 
            "ypos": -4, 
            "type": "shop", 
            "name": "The apothecary"
        }
    }, 
    {
        "pk": 84, 
        "model": "world.room", 
        "fields": {
            "xpos": -1, 
            "description": "", 
            "zone": 1, 
            "ypos": -2, 
            "type": "city", 
            "name": "The Guard Room"
        }
    }, 
    {
        "pk": 1, 
        "model": "world.weapon", 
        "fields": {
            "slot": "", 
            "capacity": 0, 
            "name": "a short dagger", 
            "weight": "0.01", 
            "two_handed": false, 
            "num_dice": 2, 
            "hit_third": "", 
            "hit_first": "", 
            "num_faces": 2, 
            "weapon_class": "short_blade"
        }
    }, 
    {
        "pk": 2, 
        "model": "world.weapon", 
        "fields": {
            "slot": "", 
            "capacity": 0, 
            "name": "a wooden stick", 
            "weight": "0.01", 
            "two_handed": false, 
            "num_dice": 1, 
            "hit_third": "", 
            "hit_first": "", 
            "num_faces": 1, 
            "weapon_class": "blunt"
        }
    }, 
    {
        "pk": 3, 
        "model": "world.weapon", 
        "fields": {
            "slot": "main_hand", 
            "capacity": 0, 
            "name": "a rusty blade", 
            "weight": "5", 
            "two_handed": false, 
            "num_dice": 2, 
            "hit_third": "", 
            "hit_first": "", 
            "num_faces": 3, 
            "weapon_class": "long_blade"
        }
    }, 
    {
        "pk": 4, 
        "model": "world.weapon", 
        "fields": {
            "slot": "main_hand", 
            "capacity": 0, 
            "name": "a flaming crystal sword", 
            "weight": "15", 
            "two_handed": false, 
            "num_dice": 20, 
            "hit_third": "", 
            "hit_first": "", 
            "num_faces": 30, 
            "weapon_class": "long_blade"
        }
    }, 
    {
        "pk": 1, 
        "model": "world.armor", 
        "fields": {
            "slot": "head", 
            "capacity": 0, 
            "name": "an old leather helmet", 
            "weight": "3"
        }
    }, 
    {
        "pk": 2, 
        "model": "world.armor", 
        "fields": {
            "slot": "chest", 
            "capacity": 0, 
            "name": "an old leather breastplate", 
            "weight": "7"
        }
    }, 
    {
        "pk": 3, 
        "model": "world.armor", 
        "fields": {
            "slot": "feet", 
            "capacity": 0, 
            "name": "a pair of rugged leather boots", 
            "weight": "2"
        }
    }, 
    {
        "pk": 4, 
        "model": "world.armor", 
        "fields": {
            "slot": "hands", 
            "capacity": 0, 
            "name": "a pair of dark leather gloves", 
            "weight": "1"
        }
    }, 
    {
        "pk": 5, 
        "model": "world.armor", 
        "fields": {
            "slot": "feet", 
            "capacity": 0, 
            "name": "a pair of light leather pants", 
            "weight": "2"
        }
    }, 
    {
        "pk": 1, 
        "model": "world.misc", 
        "fields": {
            "capacity": 1000, 
            "name": "a corpse", 
            "weight": "100"
        }
    }
]
